{Language: 
[
	{"Id": "und","Ref_Name": "Undetermined"},
	{"Id": "afr","Ref_Name": "Afrikaans"},
	{"Id": "sqi","Ref_Name": "Albanian"},
	{"Id": "amh","Ref_Name": "Amharic"},
	{"Id": "ara","Ref_Name": "Arabic"},
	{"Id": "hye","Ref_Name": "Armenian"},
	{"Id": "aze","Ref_Name": "Azerbaijani"},
	{"Id": "eus","Ref_Name": "Basque"},
	{"Id": "bel","Ref_Name": "Belarusian"},
	{"Id": "ben","Ref_Name": "Bengali"},
	{"Id": "bos","Ref_Name": "Bosnian"},
	{"Id": "bul","Ref_Name": "Bulgarian"},
	{"Id": "cat","Ref_Name": "Catalan"},
	{"Id": "ceb","Ref_Name": "Cebuano"},
	{"Id": "zho","Ref_Name": "Chinese"},
	{"Id": "cos","Ref_Name": "Corsican"},
	{"Id": "hrv","Ref_Name": "Croatian"},
	{"Id": "ces","Ref_Name": "Czech"},
	{"Id": "dan","Ref_Name": "Danish"},
	{"Id": "nld","Ref_Name": "Dutch"},
	{"Id": "eng","Ref_Name": "English"},
	{"Id": "epo","Ref_Name": "Esperanto"},
	{"Id": "est","Ref_Name": "Estonian"},
	{"Id": "fil","Ref_Name": "Filipino"},
	{"Id": "fin","Ref_Name": "Finnish"},
	{"Id": "fra","Ref_Name": "French"},
	{"Id": "frr","Ref_Name": "Frisian"},
	{"Id": "glg","Ref_Name": "Galician"},
	{"Id": "kat","Ref_Name": "Georgian"},
	{"Id": "deu","Ref_Name": "German"},
	{"Id": "ell","Ref_Name": "Greek"},
	{"Id": "guj","Ref_Name": "Gujarati"},
	{"Id": "hat","Ref_Name": "Haitian Creole"},
	{"Id": "hau","Ref_Name": "Hausa"},
	{"Id": "haw","Ref_Name": "Hawaiian"},
	{"Id": "heb","Ref_Name": "Hebrew"},
	{"Id": "hin","Ref_Name": "Hindi"},
	{"Id": "hmn","Ref_Name": "Hmong"},
	{"Id": "hun","Ref_Name": "Hungarian"},
	{"Id": "isl","Ref_Name": "Icelandic"},
	{"Id": "ibo","Ref_Name": "Igbo"},
	{"Id": "ind","Ref_Name": "Indonesian"},
	{"Id": "gle","Ref_Name": "Irish"},
	{"Id": "ita","Ref_Name": "Italian"},
	{"Id": "jpn","Ref_Name": "Japanese"},
	{"Id": "jav","Ref_Name": "Javanese"},
	{"Id": "kan","Ref_Name": "Kannada"},
	{"Id": "kaz","Ref_Name": "Kazakh"},
	{"Id": "khm","Ref_Name": "Khmer"},
	{"Id": "kor","Ref_Name": "Korean"},
	{"Id": "kur","Ref_Name": "Kurdish (Kurmanji)"},
	{"Id": "lao","Ref_Name": "Lao"},
	{"Id": "lat","Ref_Name": "Latin"},
	{"Id": "lav","Ref_Name": "Latvian"},
	{"Id": "lit","Ref_Name": "Lithuanian"},
	{"Id": "ltz","Ref_Name": "Luxembourgish"},
	{"Id": "mkd","Ref_Name": "Macedonian"},
	{"Id": "mlg","Ref_Name": "Malagasy"},
	{"Id": "msa","Ref_Name": "Malay"},
	{"Id": "mal","Ref_Name": "Malayalam"},
	{"Id": "mlt","Ref_Name": "Maltese"},
	{"Id": "mri","Ref_Name": "Maori"},
	{"Id": "mar","Ref_Name": "Marathi"},
	{"Id": "mon","Ref_Name": "Mongolian"},
	{"Id": "mya","Ref_Name": "Myanmar (Burmese)"},
	{"Id": "nep","Ref_Name": "Nepali"},
	{"Id": "nor","Ref_Name": "Norwegian"},
	{"Id": "pst","Ref_Name": "Pashto"},
	{"Id": "fas","Ref_Name": "Persian"},
	{"Id": "pol","Ref_Name": "Polish"},
	{"Id": "por","Ref_Name": "Portuguese"},
	{"Id": "ron","Ref_Name": "Romanian"},
	{"Id": "rus","Ref_Name": "Russian"},
	{"Id": "smo","Ref_Name": "Samoan"},
	{"Id": "ghc","Ref_Name": "Scots Gaelic"},
	{"Id": "srp","Ref_Name": "Serbian"},
	{"Id": "sna","Ref_Name": "Shona"},
	{"Id": "snd","Ref_Name": "Sindhi"},
	{"Id": "sin","Ref_Name": "Sinhala"},
	{"Id": "slk","Ref_Name": "Slovak"},
	{"Id": "slv","Ref_Name": "Slovenian"},
	{"Id": "som","Ref_Name": "Somali"},
	{"Id": "spa","Ref_Name": "Spanish"},
	{"Id": "sun","Ref_Name": "Sundanese"},
	{"Id": "swa","Ref_Name": "Swahili"},
	{"Id": "swe","Ref_Name": "Swedish"},
	{"Id": "tgk","Ref_Name": "Tajik"},
	{"Id": "tam","Ref_Name": "Tamil"},
	{"Id": "tel","Ref_Name": "Telugu"},
	{"Id": "tha","Ref_Name": "Thai"},
	{"Id": "tur","Ref_Name": "Turkish"},
	{"Id": "ukr","Ref_Name": "Ukrainian"},
	{"Id": "urd","Ref_Name": "Urdu"},
	{"Id": "uzb","Ref_Name": "Uzbek"},
	{"Id": "vie","Ref_Name": "Vietnamese"},
	{"Id": "cym","Ref_Name": "Welsh"},
	{"Id": "xho","Ref_Name": "Xhosa"},
	{"Id": "yid","Ref_Name": "Yiddish"},
	{"Id": "yor","Ref_Name": "Yoruba"},
	{"Id": "zul","Ref_Name": "Zulu"}
],
Location: 
[
	{"Loc": "Undetermined","Channel_Spacing": 100, "Default_Language": "Undetermined", "Start_Freq" : 87500, "End_Frequency": 108000},
	{"Loc": "Afghanistan","Channel_Spacing": 100, "Default_Language": "Dari", "Start_Freq" : 87500, "End_Frequency": 108000},
	{"Loc": "Albania","Channel_Spacing": 100, "Default_Language": "Albanian", "Start_Freq" : 87500, "End_Frequency": 108000},
	{"Loc": "Algeria","Channel_Spacing": 100, "Default_Language": "Arabic", "Start_Freq" : 87500, "End_Frequency": 108000},
	{"Loc": "Andorra","Channel_Spacing": 100, "Default_Language": "Catalan", "Start_Freq" : 87500, "End_Frequency": 108000},
	{"Loc": "Angola","Channel_Spacing": 100, "Default_Language": "Portuguese", "Start_Freq" : 87500, "End_Frequency": 108000},
	{"Loc": "Antigua and Barbuda","Channel_Spacing": 100, "Default_Language": "English", "Start_Freq" : 87500, "End_Frequency": 108000},
	{"Loc": "Australia","Channel_Spacing": 100, "Default_Language": "English", "Start_Freq" : 87500, "End_Frequency": 108000},
	{"Loc": "Argentina","Channel_Spacing": 100, "Default_Language": "Spanish", "Start_Freq" : 87500, "End_Frequency": 108000},
	{"Loc": "Armenia","Channel_Spacing": 100, "Default_Language": "Armenian", "Start_Freq" : 87500, "End_Frequency": 108000},
	{"Loc": "Austria","Channel_Spacing": 100, "Default_Language": "German", "Start_Freq" : 87500, "End_Frequency": 108000},
	{"Loc": "Azerbaijan","Channel_Spacing": 100, "Default_Language": "Turkish", "Start_Freq" : 87500, "End_Frequency": 108000},
	{"Loc": "Bahamas","Channel_Spacing": 100, "Default_Language": "English", "Start_Freq" : 87500, "End_Frequency": 108000},
	{"Loc": "Bahrain","Channel_Spacing": 100, "Default_Language": "Arabic", "Start_Freq" : 87500, "End_Frequency": 108000},
	{"Loc": "Bangladesh","Channel_Spacing": 100, "Default_Language": "Bangla", "Start_Freq" : 87500, "End_Frequency": 108000},
	{"Loc": "Barbados","Channel_Spacing": 100, "Default_Language": "English", "Start_Freq" : 87500, "End_Frequency": 108000},
	{"Loc": "Belarus","Channel_Spacing": 100, "Default_Language": "Belarusian", "Start_Freq" : 87500, "End_Frequency": 108000},
	{"Loc": "Belgium","Channel_Spacing": 100, "Default_Language": "Dutch", "Start_Freq" : 87500, "End_Frequency": 108000},
	{"Loc": "Belize","Channel_Spacing": 100, "Default_Language": "English", "Start_Freq" : 87500, "End_Frequency": 108000},
	{"Loc": "Benin","Channel_Spacing": 100, "Default_Language": "French", "Start_Freq" : 87500, "End_Frequency": 108000},
	{"Loc": "Bhutan","Channel_Spacing": 100, "Default_Language": "Dzongkha", "Start_Freq" : 87500, "End_Frequency": 108000},
	{"Loc": "Bolivia","Channel_Spacing": 100, "Default_Language": "Spanish", "Start_Freq" : 87500, "End_Frequency": 108000},
	{"Loc": "Bosnia and Herzegovina","Channel_Spacing": 100, "Default_Language": "Bosnian", "Start_Freq" : 87500, "End_Frequency": 108000},
	{"Loc": "Botswana","Channel_Spacing": 100, "Default_Language": "Setswana", "Start_Freq" : 87500, "End_Frequency": 108000},
	{"Loc": "Brazil","Channel_Spacing": 100, "Default_Language": "Portuguese", "Start_Freq" : 87500, "End_Frequency": 108000},
	{"Loc": "Brunei","Channel_Spacing": 100, "Default_Language": "Malay", "Start_Freq" : 87500, "End_Frequency": 108000},
	{"Loc": "Bulgaria","Channel_Spacing": 100, "Default_Language": "Bulgarian", "Start_Freq" : 87500, "End_Frequency": 108000},
	{"Loc": "Burkina Faso","Channel_Spacing": 100, "Default_Language": "French", "Start_Freq" : 87500, "End_Frequency": 108000},
	{"Loc": "Burundi","Channel_Spacing": 100, "Default_Language": "Kirundi", "Start_Freq" : 87500, "End_Frequency": 108000},
	{"Loc": "Cambodia","Channel_Spacing": 100, "Default_Language": "Khmer", "Start_Freq" : 87500, "End_Frequency": 108000},
	{"Loc": "Cameroon","Channel_Spacing": 100, "Default_Language": "French", "Start_Freq" : 87500, "End_Frequency": 108000},
	{"Loc": "Canada","Channel_Spacing": 100, "Default_Language": "English", "Start_Freq" : 87500, "End_Frequency": 108000},
	{"Loc": "Cape Verde","Channel_Spacing": 100, "Default_Language": "Portuguese", "Start_Freq" : 87500, "End_Frequency": 108000},
	{"Loc": "Central African Republic","Channel_Spacing": 100, "Default_Language": "French", "Start_Freq" : 87500, "End_Frequency": 108000},
	{"Loc": "Chad","Channel_Spacing": 100, "Default_Language": "French", "Start_Freq" : 87500, "End_Frequency": 108000},
	{"Loc": "Chile","Channel_Spacing": 100, "Default_Language": "Spanish", "Start_Freq" : 87500, "End_Frequency": 108000},
	{"Loc": "China","Channel_Spacing": 100, "Default_Language": "Mandarin", "Start_Freq" : 87500, "End_Frequency": 108000},
	{"Loc": "Colombia","Channel_Spacing": 100, "Default_Language": "Spanish", "Start_Freq" : 87500, "End_Frequency": 108000},
	{"Loc": "Comoros","Channel_Spacing": 100, "Default_Language": "Arabic", "Start_Freq" : 87500, "End_Frequency": 108000},
	{"Loc": "Costa Rica","Channel_Spacing": 100, "Default_Language": "Spanish", "Start_Freq" : 87500, "End_Frequency": 108000},
	{"Loc": "Cote d'Ivoire","Channel_Spacing": 100, "Default_Language": "French", "Start_Freq" : 87500, "End_Frequency": 108000},
	{"Loc": "Croatia","Channel_Spacing": 100, "Default_Language": "Croatian", "Start_Freq" : 87500, "End_Frequency": 108000},
	{"Loc": "Cuba","Channel_Spacing": 100, "Default_Language": "Spanish", "Start_Freq" : 87500, "End_Frequency": 108000},
	{"Loc": "Cyprus","Channel_Spacing": 100, "Default_Language": "Greek", "Start_Freq" : 87500, "End_Frequency": 108000},
	{"Loc": "Czech Republic","Channel_Spacing": 100, "Default_Language": "Czech", "Start_Freq" : 87500, "End_Frequency": 108000},
	{"Loc": "Denmark","Channel_Spacing": 100, "Default_Language": "Danish", "Start_Freq" : 87500, "End_Frequency": 108000},
	{"Loc": "Djibouti","Channel_Spacing": 100, "Default_Language": "French", "Start_Freq" : 87500, "End_Frequency": 108000},
	{"Loc": "Dominica","Channel_Spacing": 100, "Default_Language": "English", "Start_Freq" : 87500, "End_Frequency": 108000},
	{"Loc": "Dominican Republic","Channel_Spacing": 100, "Default_Language": "Spanish", "Start_Freq" : 87500, "End_Frequency": 108000},
	{"Loc": "East Timor","Channel_Spacing": 100, "Default_Language": "Tetum", "Start_Freq" : 87500, "End_Frequency": 108000},
	{"Loc": "Ecuador","Channel_Spacing": 100, "Default_Language": "Spanish", "Start_Freq" : 87500, "End_Frequency": 108000},
	{"Loc": "Egypt","Channel_Spacing": 100, "Default_Language": "Arabic", "Start_Freq" : 87500, "End_Frequency": 108000},
	{"Loc": "El Salvador","Channel_Spacing": 100, "Default_Language": "Spanish", "Start_Freq" : 87500, "End_Frequency": 108000},
	{"Loc": "Equatorial Guinea","Channel_Spacing": 100, "Default_Language": "Spanish", "Start_Freq" : 87500, "End_Frequency": 108000},
	{"Loc": "Eritrea","Channel_Spacing": 100, "Default_Language": "Afar", "Start_Freq" : 87500, "End_Frequency": 108000},
	{"Loc": "Estonia","Channel_Spacing": 100, "Default_Language": "Estonian", "Start_Freq" : 87500, "End_Frequency": 108000},
	{"Loc": "Ethiopia","Channel_Spacing": 100, "Default_Language": "Amharic", "Start_Freq" : 87500, "End_Frequency": 108000},
	{"Loc": "Fiji","Channel_Spacing": 100, "Default_Language": "English", "Start_Freq" : 87500, "End_Frequency": 108000},
	{"Loc": "Finland","Channel_Spacing": 100, "Default_Language": "Finnish", "Start_Freq" : 87500, "End_Frequency": 108000},
	{"Loc": "France","Channel_Spacing": 100, "Default_Language": "French", "Start_Freq" : 87500, "End_Frequency": 108000},
	{"Loc": "Gabon","Channel_Spacing": 100, "Default_Language": "French", "Start_Freq" : 87500, "End_Frequency": 108000},
	{"Loc": "Gambia","Channel_Spacing": 100, "Default_Language": "English", "Start_Freq" : 87500, "End_Frequency": 108000},
	{"Loc": "Georgia","Channel_Spacing": 100, "Default_Language": "Georgian", "Start_Freq" : 87500, "End_Frequency": 108000},
	{"Loc": "Germany","Channel_Spacing": 100, "Default_Language": "German", "Start_Freq" : 87500, "End_Frequency": 108000},
	{"Loc": "Ghana","Channel_Spacing": 100, "Default_Language": "English", "Start_Freq" : 87500, "End_Frequency": 108000},
	{"Loc": "Greece","Channel_Spacing": 100, "Default_Language": "Greek", "Start_Freq" : 87500, "End_Frequency": 108000},
	{"Loc": "Grenada","Channel_Spacing": 100, "Default_Language": "English", "Start_Freq" : 87500, "End_Frequency": 108000},
	{"Loc": "Guatemala","Channel_Spacing": 100, "Default_Language": "Spanish", "Start_Freq" : 87500, "End_Frequency": 108000},
	{"Loc": "Guinea","Channel_Spacing": 100, "Default_Language": "French", "Start_Freq" : 87500, "End_Frequency": 108000},
	{"Loc": "Guinea-Bissau","Channel_Spacing": 100, "Default_Language": "Portuguese", "Start_Freq" : 87500, "End_Frequency": 108000},
	{"Loc": "Guyana","Channel_Spacing": 100, "Default_Language": "English", "Start_Freq" : 87500, "End_Frequency": 108000},
	{"Loc": "Haiti","Channel_Spacing": 100, "Default_Language": "Creole", "Start_Freq" : 87500, "End_Frequency": 108000},
	{"Loc": "Honduras","Channel_Spacing": 100, "Default_Language": "Spanish", "Start_Freq" : 87500, "End_Frequency": 108000},
	{"Loc": "Hungary","Channel_Spacing": 100, "Default_Language": "Magyar", "Start_Freq" : 87500, "End_Frequency": 108000},
	{"Loc": "Iceland","Channel_Spacing": 100, "Default_Language": "Icelandic", "Start_Freq" : 87500, "End_Frequency": 108000},
	{"Loc": "India","Channel_Spacing": 100, "Default_Language": "Hindi", "Start_Freq" : 87500, "End_Frequency": 108000},
	{"Loc": "Indonesia","Channel_Spacing": 100, "Default_Language": "Bahasa", "Start_Freq" : 87500, "End_Frequency": 108000},
	{"Loc": "Iran","Channel_Spacing": 100, "Default_Language": "Persian", "Start_Freq" : 87500, "End_Frequency": 108000},
	{"Loc": "Iraq","Channel_Spacing": 100, "Default_Language": "Arabic", "Start_Freq" : 87500, "End_Frequency": 108000},
	{"Loc": "Ireland","Channel_Spacing": 100, "Default_Language": "English", "Start_Freq" : 87500, "End_Frequency": 108000},
	{"Loc": "Israel","Channel_Spacing": 100, "Default_Language": "Hebrew", "Start_Freq" : 87500, "End_Frequency": 108000},
	{"Loc": "Italy","Channel_Spacing": 100, "Default_Language": "Italian", "Start_Freq" : 87500, "End_Frequency": 108000},
	{"Loc": "Jamaica","Channel_Spacing": 100, "Default_Language": "English", "Start_Freq" : 87500, "End_Frequency": 108000},
	{"Loc": "Japan","Channel_Spacing": 100, "Default_Language": "Japanese", "Start_Freq" : 76500, "End_Frequency": 94600},
	{"Loc": "Jordan","Channel_Spacing": 100, "Default_Language": "Arabic", "Start_Freq" : 87500, "End_Frequency": 108000},
	{"Loc": "Kazakhstan","Channel_Spacing": 100, "Default_Language": "Kazakh", "Start_Freq" : 87500, "End_Frequency": 108000},
	{"Loc": "Kenya","Channel_Spacing": 100, "Default_Language": "English", "Start_Freq" : 87500, "End_Frequency": 108000},
	{"Loc": "Kiribati","Channel_Spacing": 100, "Default_Language": "English", "Start_Freq" : 87500, "End_Frequency": 108000},
	{"Loc": "Korea","Channel_Spacing": 100, "Default_Language": "Korean", "Start_Freq" : 87500, "End_Frequency": 108000},
	{"Loc": "Kosovo","Channel_Spacing": 100, "Default_Language": "Albanian", "Start_Freq" : 87500, "End_Frequency": 108000},
	{"Loc": "Kuwait","Channel_Spacing": 100, "Default_Language": "Arabic", "Start_Freq" : 87500, "End_Frequency": 108000},
	{"Loc": "Kyrgyzstan","Channel_Spacing": 100, "Default_Language": "Kyrgyz", "Start_Freq" : 87500, "End_Frequency": 108000},
	{"Loc": "Laos","Channel_Spacing": 100, "Default_Language": "Lao", "Start_Freq" : 87500, "End_Frequency": 108000},
	{"Loc": "Latvia","Channel_Spacing": 100, "Default_Language": "Latvian", "Start_Freq" : 87500, "End_Frequency": 108000},
	{"Loc": "Lebanon","Channel_Spacing": 100, "Default_Language": "Arabic", "Start_Freq" : 87500, "End_Frequency": 108000},
	{"Loc": "Lesotho","Channel_Spacing": 100, "Default_Language": "English", "Start_Freq" : 87500, "End_Frequency": 108000},
	{"Loc": "Liberia","Channel_Spacing": 100, "Default_Language": "English", "Start_Freq" : 87500, "End_Frequency": 108000},
	{"Loc": "Libya","Channel_Spacing": 100, "Default_Language": "Arabic", "Start_Freq" : 87500, "End_Frequency": 108000},
	{"Loc": "Liechtenstein","Channel_Spacing": 100, "Default_Language": "German", "Start_Freq" : 87500, "End_Frequency": 108000},
	{"Loc": "Lithuania","Channel_Spacing": 100, "Default_Language": "Lithuanian", "Start_Freq" : 87500, "End_Frequency": 108000},
	{"Loc": "Luxembourg","Channel_Spacing": 100, "Default_Language": "Luxembourgish", "Start_Freq" : 87500, "End_Frequency": 108000},
	{"Loc": "Macedonia","Channel_Spacing": 100, "Default_Language": "Macedonian", "Start_Freq" : 87500, "End_Frequency": 108000},
	{"Loc": "Madagascar","Channel_Spacing": 100, "Default_Language": "Malagasy", "Start_Freq" : 87500, "End_Frequency": 108000},
	{"Loc": "Malawi","Channel_Spacing": 100, "Default_Language": "Chichewa", "Start_Freq" : 87500, "End_Frequency": 108000},
	{"Loc": "Malaysia","Channel_Spacing": 100, "Default_Language": "Malay", "Start_Freq" : 87500, "End_Frequency": 108000},
	{"Loc": "Maldives","Channel_Spacing": 100, "Default_Language": "Maldivian Dhivehi", "Start_Freq" : 87500, "End_Frequency": 108000},
	{"Loc": "Mali","Channel_Spacing": 100, "Default_Language": "French", "Start_Freq" : 87500, "End_Frequency": 108000},
	{"Loc": "Malta","Channel_Spacing": 100, "Default_Language": "Maltese", "Start_Freq" : 87500, "End_Frequency": 108000},
	{"Loc": "Marshall Islands","Channel_Spacing": 100, "Default_Language": "Marshallese", "Start_Freq" : 87500, "End_Frequency": 108000},
	{"Loc": "Mauritania","Channel_Spacing": 100, "Default_Language": "Hassaniya Arabic", "Start_Freq" : 87500, "End_Frequency": 108000},
	{"Loc": "Mauritius","Channel_Spacing": 100, "Default_Language": "Creole", "Start_Freq" : 87500, "End_Frequency": 108000},
	{"Loc": "Mexico","Channel_Spacing": 100, "Default_Language": "Spanish", "Start_Freq" : 87500, "End_Frequency": 108000},
	{"Loc": "Micronesia","Channel_Spacing": 100, "Default_Language": "English", "Start_Freq" : 87500, "End_Frequency": 108000},
	{"Loc": "Moldova","Channel_Spacing": 100, "Default_Language": "Moldovan", "Start_Freq" : 87500, "End_Frequency": 108000},
	{"Loc": "Monaco","Channel_Spacing": 100, "Default_Language": "French", "Start_Freq" : 87500, "End_Frequency": 108000},
	{"Loc": "Mongolia","Channel_Spacing": 100, "Default_Language": "Mongolian", "Start_Freq" : 87500, "End_Frequency": 108000},
	{"Loc": "Montenegro","Channel_Spacing": 100, "Default_Language": "Serbian", "Start_Freq" : 87500, "End_Frequency": 108000},
	{"Loc": "Morocco","Channel_Spacing": 100, "Default_Language": "Arabic", "Start_Freq" : 87500, "End_Frequency": 108000},
	{"Loc": "Mozambique","Channel_Spacing": 100, "Default_Language": "Portuguese", "Start_Freq" : 87500, "End_Frequency": 108000},
	{"Loc": "Myanmar","Channel_Spacing": 100, "Default_Language": "Burmese", "Start_Freq" : 87500, "End_Frequency": 108000},
	{"Loc": "Namibia","Channel_Spacing": 100, "Default_Language": "Afrikaans", "Start_Freq" : 87500, "End_Frequency": 108000},
	{"Loc": "Nauru","Channel_Spacing": 100, "Default_Language": "Nauruan", "Start_Freq" : 87500, "End_Frequency": 108000},
	{"Loc": "Nepal","Channel_Spacing": 100, "Default_Language": "Nepali", "Start_Freq" : 87500, "End_Frequency": 108000},
	{"Loc": "Netherlands","Channel_Spacing": 100, "Default_Language": "Dutch", "Start_Freq" : 87500, "End_Frequency": 108000},
	{"Loc": "New Zealand","Channel_Spacing": 100, "Default_Language": "English", "Start_Freq" : 87500, "End_Frequency": 108000},
	{"Loc": "Nicaragua","Channel_Spacing": 100, "Default_Language": "Spanish", "Start_Freq" : 87500, "End_Frequency": 108000},
	{"Loc": "Niger","Channel_Spacing": 100, "Default_Language": "French", "Start_Freq" : 87500, "End_Frequency": 108000},
	{"Loc": "Nigeria","Channel_Spacing": 100, "Default_Language": "English", "Start_Freq" : 87500, "End_Frequency": 108000},
	{"Loc": "Norway","Channel_Spacing": 100, "Default_Language": "Norwegian", "Start_Freq" : 87500, "End_Frequency": 108000},
	{"Loc": "Oman","Channel_Spacing": 100, "Default_Language": "Arabic", "Start_Freq" : 87500, "End_Frequency": 108000},
	{"Loc": "Pakistan","Channel_Spacing": 100, "Default_Language": "Urdu", "Start_Freq" : 87500, "End_Frequency": 108000},
	{"Loc": "Palau","Channel_Spacing": 100, "Default_Language": "Palauan", "Start_Freq" : 87500, "End_Frequency": 108000},
	{"Loc": "Panama","Channel_Spacing": 100, "Default_Language": "Spanish", "Start_Freq" : 87500, "End_Frequency": 108000},
	{"Loc": "Papua New Guinea","Channel_Spacing": 100, "Default_Language": "Tok Pisin", "Start_Freq" : 87500, "End_Frequency": 108000},
	{"Loc": "Paraguay","Channel_Spacing": 100, "Default_Language": "Spanish", "Start_Freq" : 87500, "End_Frequency": 108000},
	{"Loc": "Peru","Channel_Spacing": 100, "Default_Language": "Spanish", "Start_Freq" : 87500, "End_Frequency": 108000},
	{"Loc": "Philippines","Channel_Spacing": 100, "Default_Language": "Filipino", "Start_Freq" : 87500, "End_Frequency": 108000},
	{"Loc": "Poland","Channel_Spacing": 100, "Default_Language": "Polish", "Start_Freq" : 87500, "End_Frequency": 108000},
	{"Loc": "Portugal","Channel_Spacing": 100, "Default_Language": "Portuguese", "Start_Freq" : 87500, "End_Frequency": 108000},
	{"Loc": "Qatar","Channel_Spacing": 100, "Default_Language": "Arabic", "Start_Freq" : 87500, "End_Frequency": 108000},
	{"Loc": "Romania","Channel_Spacing": 100, "Default_Language": "Romanian", "Start_Freq" : 87500, "End_Frequency": 108000},
	{"Loc": "Russia","Channel_Spacing": 100, "Default_Language": "Russian", "Start_Freq" : 87500, "End_Frequency": 108000},
	{"Loc": "Rwanda","Channel_Spacing": 100, "Default_Language": "Kinyarwanda", "Start_Freq" : 87500, "End_Frequency": 108000},
	{"Loc": "St. Kitts and Nevis","Channel_Spacing": 100, "Default_Language": "English", "Start_Freq" : 87500, "End_Frequency": 108000},
	{"Loc": "St. Lucia","Channel_Spacing": 100, "Default_Language": "English", "Start_Freq" : 87500, "End_Frequency": 108000},
	{"Loc": "Samoa","Channel_Spacing": 100, "Default_Language": "Samoan", "Start_Freq" : 87500, "End_Frequency": 108000},
	{"Loc": "San Marino","Channel_Spacing": 100, "Default_Language": "Italian", "Start_Freq" : 87500, "End_Frequency": 108000},
	{"Loc": "Saudi Arabia","Channel_Spacing": 100, "Default_Language": "Arabic", "Start_Freq" : 87500, "End_Frequency": 108000},
	{"Loc": "Senegal","Channel_Spacing": 100, "Default_Language": "French", "Start_Freq" : 87500, "End_Frequency": 108000},
	{"Loc": "Serbia","Channel_Spacing": 100, "Default_Language": "Serbian", "Start_Freq" : 87500, "End_Frequency": 108000},
	{"Loc": "Seychelles","Channel_Spacing": 100, "Default_Language": "Seselwa Creole", "Start_Freq" : 87500, "End_Frequency": 108000},
	{"Loc": "Sierra Leone","Channel_Spacing": 100, "Default_Language": "English", "Start_Freq" : 87500, "End_Frequency": 108000},
	{"Loc": "Singapore","Channel_Spacing": 100, "Default_Language": "Mandarin", "Start_Freq" : 87500, "End_Frequency": 108000},
	{"Loc": "Slovakia","Channel_Spacing": 100, "Default_Language": "Slovak", "Start_Freq" : 87500, "End_Frequency": 108000},
	{"Loc": "Slovenia","Channel_Spacing": 100, "Default_Language": "Slovenian", "Start_Freq" : 87500, "End_Frequency": 108000},
	{"Loc": "Solomon Islands","Channel_Spacing": 100, "Default_Language": "Melanesian pidgin", "Start_Freq" : 87500, "End_Frequency": 108000},
	{"Loc": "Somalia","Channel_Spacing": 100, "Default_Language": "Somali", "Start_Freq" : 87500, "End_Frequency": 108000},
	{"Loc": "South Africa","Channel_Spacing": 100, "Default_Language": "Zulu", "Start_Freq" : 87500, "End_Frequency": 108000},
	{"Loc": "South Sudan","Channel_Spacing": 100, "Default_Language": "English", "Start_Freq" : 87500, "End_Frequency": 108000},
	{"Loc": "Spain","Channel_Spacing": 100, "Default_Language": "Spanish", "Start_Freq" : 87500, "End_Frequency": 108000},
	{"Loc": "Sri Lanka","Channel_Spacing": 100, "Default_Language": "Sinhala", "Start_Freq" : 87500, "End_Frequency": 108000},
	{"Loc": "Sudan","Channel_Spacing": 100, "Default_Language": "Arabic", "Start_Freq" : 87500, "End_Frequency": 108000},
	{"Loc": "Suriname","Channel_Spacing": 100, "Default_Language": "Dutch", "Start_Freq" : 87500, "End_Frequency": 108000},
	{"Loc": "Swaziland","Channel_Spacing": 100, "Default_Language": "English", "Start_Freq" : 87500, "End_Frequency": 108000},
	{"Loc": "Sweden","Channel_Spacing": 100, "Default_Language": "Swedish", "Start_Freq" : 87500, "End_Frequency": 108000},
	{"Loc": "Switzerland","Channel_Spacing": 100, "Default_Language": "German", "Start_Freq" : 87500, "End_Frequency": 108000},
	{"Loc": "Syria","Channel_Spacing": 100, "Default_Language": "Arabic", "Start_Freq" : 87500, "End_Frequency": 108000},
	{"Loc": "Taiwan","Channel_Spacing": 100, "Default_Language": "Mandarin", "Start_Freq" : 87500, "End_Frequency": 108000},
	{"Loc": "Tajikistan","Channel_Spacing": 100, "Default_Language": "Tajik", "Start_Freq" : 87500, "End_Frequency": 108000},
	{"Loc": "Tanzania","Channel_Spacing": 100, "Default_Language": "Swahili", "Start_Freq" : 87500, "End_Frequency": 108000},
	{"Loc": "Thailand","Channel_Spacing": 250, "Default_Language": "Thai", "Start_Freq" : 87500, "End_Frequency": 108000},
	{"Loc": "Togo","Channel_Spacing": 100, "Default_Language": "French", "Start_Freq" : 87500, "End_Frequency": 108000},
	{"Loc": "Tonga","Channel_Spacing": 100, "Default_Language": "Tongan", "Start_Freq" : 87500, "End_Frequency": 108000},
	{"Loc": "Trinidad and Tobago","Channel_Spacing": 100, "Default_Language": "English", "Start_Freq" : 87500, "End_Frequency": 108000},
	{"Loc": "Tunisia","Channel_Spacing": 100, "Default_Language": "Arabic", "Start_Freq" : 87500, "End_Frequency": 108000},
	{"Loc": "Turkey","Channel_Spacing": 100, "Default_Language": "Turkish", "Start_Freq" : 87500, "End_Frequency": 108000},
	{"Loc": "Turkmenistan","Channel_Spacing": 100, "Default_Language": "Turkmen", "Start_Freq" : 87500, "End_Frequency": 108000},
	{"Loc": "Tuvalu","Channel_Spacing": 100, "Default_Language": "Tuvaluan", "Start_Freq" : 87500, "End_Frequency": 108000},
	{"Loc": "Uganda","Channel_Spacing": 100, "Default_Language": "English", "Start_Freq" : 87500, "End_Frequency": 108000},
	{"Loc": "Ukraine","Channel_Spacing": 100, "Default_Language": "Ukrainian", "Start_Freq" : 87500, "End_Frequency": 108000},
	{"Loc": "United Arab Emirates","Channel_Spacing": 100, "Default_Language": "Arabic", "Start_Freq" : 87500, "End_Frequency": 108000},
	{"Loc": "United Kingdom","Channel_Spacing": 100, "Default_Language": "English", "Start_Freq" : 87500, "End_Frequency": 108000},
	{"Loc": "United States","Channel_Spacing": 100, "Default_Language": "English", "Start_Freq" : 87500, "End_Frequency": 108000},
	{"Loc": "Uruguay","Channel_Spacing": 100, "Default_Language": "Spanish", "Start_Freq" : 87500, "End_Frequency": 108000},
	{"Loc": "Uzbekistan","Channel_Spacing": 100, "Default_Language": "Uzbek", "Start_Freq" : 87500, "End_Frequency": 108000},
	{"Loc": "Vanuatu","Channel_Spacing": 100, "Default_Language": "Bislama", "Start_Freq" : 87500, "End_Frequency": 108000},
	{"Loc": "Vatican City (Holy See)","Channel_Spacing": 100, "Default_Language": "Italian", "Start_Freq" : 87500, "End_Frequency": 108000},
	{"Loc": "Venezuela","Channel_Spacing": 100, "Default_Language": "Spanish", "Start_Freq" : 87500, "End_Frequency": 108000},
	{"Loc": "Vietnam","Channel_Spacing": 100, "Default_Language": "Vietnamese", "Start_Freq" : 87500, "End_Frequency": 108000},
	{"Loc": "Yemen","Channel_Spacing": 100, "Default_Language": "Arabic", "Start_Freq" : 87500, "End_Frequency": 108000},
	{"Loc": "Zambia","Channel_Spacing": 100, "Default_Language": "English", "Start_Freq" : 87500, "End_Frequency": 108000},
	{"Loc": "Zimbabwe","Channel_Spacing": 100, "Default_Language": "English", "Start_Freq" : 87500, "End_Frequency": 108000}
]
}